CZIS0000131740,CZID0000131740,12234
CZIS0000131741,CZID0000131741,12234
CZIS0000131742,CZID0000131742,12234
CZIS0000131743,CZID0000131743,12234
CZIS0000131744,CZID0000131744,12234
CZIS0000131745,CZID0000131745,12234
CZIS0000131746,CZID0000131746,12234
CZIS0000131747,CZID0000131747,12234
CZIS0000131748,CZID0000131748,12234
CZIS0000131749,CZID0000131749,12234
CZIS0000131750,CZID0000131750,12234
CZIS0000131751,CZID0000131751,12234
CZIS0000131752,CZID0000131752,12234
CZIS0000131753,CZID0000131753,12234
CZIS0000131754,CZID0000131754,12234
CZIS0000131755,CZID0000131755,12234
CZIS0000131756,CZID0000131756,12234
CZIS0000131757,CZID0000131757,12234
CZIS0000131758,CZID0000131758,12234
CZIS0000131759,CZID0000131759,12234
CZIS0000131760,CZID0000131760,12234
CZIS0000131761,CZID0000131761,12234
CZIS0000131762,CZID0000131762,12234
CZIS0000131763,CZID0000131763,12234
CZIS0000131764,CZID0000131764,12234
CZIS0000131765,CZID0000131765,12234
CZIS0000131766,CZID0000131766,12234
CZIS0000131767,CZID0000131767,12234
CZIS0000131768,CZID0000131768,12234
CZIS0000131769,CZID0000131769,12234
CZIS0000131770,CZID0000131770,12234
CZIS0000131771,CZID0000131771,12234
CZIS0000131772,CZID0000131772,12234
CZIS0000131773,CZID0000131773,12234
CZIS0000131774,CZID0000131774,12234
CZIS0000131775,CZID0000131775,12234
CZIS0000131776,CZID0000131776,12234
CZIS0000131777,CZID0000131777,12234
CZIS0000131778,CZID0000131778,12234
CZIS0000131779,CZID0000131779,12234
CZIS0000131780,CZID0000131780,12234
CZIS0000131781,CZID0000131781,12234
CZIS0000131782,CZID0000131782,12234
CZIS0000131783,CZID0000131783,12234
CZIS0000131784,CZID0000131784,12234
CZIS0000131785,CZID0000131785,12234
CZIS0000131786,CZID0000131786,12234
CZIS0000131787,CZID0000131787,12234
CZIS0000131788,CZID0000131788,12234
CZIS0000131789,CZID0000131789,12234
CZIS0000131790,CZID0000131790,12234
CZIS0000131791,CZID0000131791,12234
CZIS0000131792,CZID0000131792,12234
CZIS0000131793,CZID0000131793,12234
CZIS0000131794,CZID0000131794,12234
CZIS0000131795,CZID0000131795,12234
CZIS0000131796,CZID0000131796,12234
CZIS0000131797,CZID0000131797,12234
CZIS0000131798,CZID0000131798,12234
CZIS0000131799,CZID0000131799,12234
CZIS0000131800,CZID0000131800,12234
CZIS0000131801,CZID0000131801,12234
CZIS0000131802,CZID0000131802,12234
CZIS0000131803,CZID0000131803,12234
CZIS0000131804,CZID0000131804,12234
CZIS0000131805,CZID0000131805,12234
CZIS0000131806,CZID0000131806,12234
CZIS0000131807,CZID0000131807,12234
CZIS0000131808,CZID0000131808,12234
CZIS0000131809,CZID0000131809,12234
CZIS0000131810,CZID0000131810,12234
CZIS0000131811,CZID0000131811,12234
CZIS0000131812,CZID0000131812,12234
CZIS0000131813,CZID0000131813,12234
CZIS0000131814,CZID0000131814,12234
CZIS0000131815,CZID0000131815,12234
CZIS0000131816,CZID0000131816,12234
CZIS0000131817,CZID0000131817,12234
CZIS0000131818,CZID0000131818,12234
CZIS0000131819,CZID0000131819,12234
CZIS0000131820,CZID0000131820,12234
CZIS0000131821,CZID0000131821,12234
CZIS0000131822,CZID0000131822,12234
CZIS0000131823,CZID0000131823,12234
CZIS0000131824,CZID0000131824,12234
CZIS0000131825,CZID0000131825,12234
CZIS0000131826,CZID0000131826,12234
CZIS0000131827,CZID0000131827,12234
CZIS0000131828,CZID0000131828,12234
CZIS0000131829,CZID0000131829,12234
CZIS0000131830,CZID0000131830,12234
CZIS0000131831,CZID0000131831,12234
CZIS0000131832,CZID0000131832,12234
CZIS0000131833,CZID0000131833,12234
CZIS0000131834,CZID0000131834,12234
CZIS0000131835,CZID0000131835,12234
CZIS0000131836,CZID0000131836,12234
CZIS0000131837,CZID0000131837,12234
CZIS0000131838,CZID0000131838,12234
CZIS0000131839,CZID0000131839,12234
